<step title="Incoming Request" date="2025-12-27T20:29:29.402" instance="e3848c" url="/api/publish?type=zip&amp;async=True" method="POST" type="request" pid="830,1,29" Accept="*/*" Host="ninjapark-frontend.scm.azurewebsites.net" User-Agent="AZURECLI/2.80.0 (MSI)" Accept-Encoding="gzip, deflate" Authorization="Bea..." Cache-Control="no-cache" Content-Type="application/octet-stream" Cookie="ARRAffinity=e3848c4a19ed5120ac06e6c4552adf58a74475463871a23ea40c8f269e489576; ARRAffinitySameSite=e3848c4a19ed5120ac06e6c4552adf58a74475463871a23ea40c8f269e489576" Content-Length="32607884" x-ms-client-request-id="b7eca54c-e362-11f0-ba40-9c2f9d8ba926" x-ms-artifact-checksum="70c7e3238cb0aa29d3727805f5ce9b4882b351177097d2a20816ef75c7e47d9f" X-ARR-LOG-ID="b7eca54c-e362-11f0-ba40-9c2f9d8ba926" CLIENT-IP="122.168.69.83:22411" X-SITE-DEPLOYMENT-ID="ninjapark-frontend" WAS-DEFAULT-HOSTNAME="ninjapark-frontend.scm.azurewebsites.net" X-Forwarded-Proto="https" X-AppService-Proto="https" X-Forwarded-TlsVersion="1.3" X-WAWS-Unencoded-URL="/api/publish?type=zip&amp;async=True" X-Client-IP="122.168.69.83" X-Client-Port="22411" >
  <step title="OneDeploy" date="2025-12-27T20:29:29.510" >
    <step title="None repository commit" date="2025-12-27T20:29:29.534" >
      <step title="Commit id: cdbe02a3-ccc8-4ac5-861e-483a50180b6c" date="2025-12-27T20:29:29.540" Message="N/A" AuthorName="N/A" AuthorEmail="N/A" /><!-- duration: 6ms -->
    </step><!-- duration: 18ms -->
    <step title="Starting PushDeployAsync" date="2025-12-27T20:29:29.557" /><!-- duration: 5ms -->
    <step title="Writing artifact to /tmp/zipdeploy/f37cfe9a-fcd9-418c-b34d-5bf297a25843.zip" date="2025-12-27T20:29:29.598" >
      <step title="Writing multipart request body to /tmp/zipdeploy/f37cfe9a-fcd9-418c-b34d-5bf297a25843.zip" date="2025-12-27T20:29:29.604" /><!-- duration: 4ms -->
    </step><!-- duration: 1855ms -->
    <step title="Start deployment in the background" date="2025-12-27T20:29:31.471" >
      <step title="Acquiring Deployment Lock" date="2025-12-27T20:29:31.497" /><!-- duration: 4ms -->
      <step title="Acquired Deployment Lock" date="2025-12-27T20:29:31.531" /><!-- duration: 6ms -->
    </step><!-- duration: 140ms -->
  </step><!-- duration: 2107ms -->
  <step title="Outgoing response" date="2025-12-27T20:29:31.625" type="response" statusCode="202" statusText="Accepted" /><!-- duration: 4ms -->
</step><!-- duration: 2231ms -->
