﻿<?xml version="1.0" encoding="utf-8"?>
<deployment>
  <id>cdbe02a3-ccc8-4ac5-861e-483a50180b6c</id>
  <author>N/A</author>
  <deployer>OneDeploy</deployer>
  <authorEmail>N/A</authorEmail>
  <message>OneDeploy</message>
  <progress></progress>
  <status>Failed</status>
  <statusText></statusText>
  <lastSuccessEndTime />
  <receivedTime>2025-12-27T20:29:37.7970241Z</receivedTime>
  <startTime>2025-12-27T20:29:39.1654491Z</startTime>
  <endTime>2025-12-27T20:30:33.0717095Z</endTime>
  <complete>True</complete>
  <is_temp>False</is_temp>
  <is_readonly>True</is_readonly>
  <buildSummary />
</deployment>